,boundingbox,class,display_name,icon,importance,lat,licence,lon,osm_id,osm_type,place_id,type
0,"['52.3570365', '52.6770365', '13.2288599', '13.5488599']",place,"Berlin, 10117, Germany",https://nominatim.openstreetmap.org/images/mapicons/poi_place_city.p.20.png,1.042149797630868,52.5170365,"Data © OpenStreetMap contributors, ODbL 1.0. https://osm.org/copyright",13.3888599,240109189,node,595794,city
1,"['40.6301038', '40.6701038', '-73.9695823', '-73.9295823']",place,"Brooklyn, Kings County, New York City, New York, 11226, USA",https://nominatim.openstreetmap.org/images/mapicons/poi_place_village.p.20.png,0.894544427109041,40.6501038,"Data © OpenStreetMap contributors, ODbL 1.0. https://osm.org/copyright",-73.9495823,158857828,node,509072,suburb
2,"['38.2553421', '38.5753421', '26.984474', '27.304474']",place,"Izmir, Konak, Izmir, Aegean Region, 35240, Turkey",https://nominatim.openstreetmap.org/images/mapicons/poi_place_city.p.20.png,0.841661686060555,38.4153421,"Data © OpenStreetMap contributors, ODbL 1.0. https://osm.org/copyright",27.144474,428039507,node,3978388,city
3,"['-1.444471', '-1.163332', '36.6641288', '37.1038871']",place,"Nairobi, Kenya",https://nominatim.openstreetmap.org/images/mapicons/poi_place_city.p.20.png,0.845534952321537,-1.2832533,"Data © OpenStreetMap contributors, ODbL 1.0. https://osm.org/copyright",36.8172449,7617833,relation,199397627,city
4,"['51.5901765', '51.5902765', '7.3187017', '7.3188017']",amenity,"n/a, Knappenweg, Ickern Süd, Castrop-Rauxel, Kreis Recklinghausen, Regierungsbezirk Münster, North Rhine-Westphalia, 44579, Germany",,0.31100000000000005,51.5902265,"Data © OpenStreetMap contributors, ODbL 1.0. https://osm.org/copyright",7.3187517,806426324,node,7527067,vending_machine
5,"['40.477399', '40.9161785', '-74.25909', '-73.7001809']",place,"New York City, New York, USA",https://nominatim.openstreetmap.org/images/mapicons/poi_place_city.p.20.png,1.082928189990994,40.7308619,"Data © OpenStreetMap contributors, ODbL 1.0. https://osm.org/copyright",-73.9871558,175905,relation,198125788,city
6,"['35.5228387', '35.8428387', '139.5994549', '139.9194549']",place,"Tokyo, Chiyoda, Tokyo, Kanto, 100-0002, Japan",https://nominatim.openstreetmap.org/images/mapicons/poi_place_city.p.20.png,1.009852179415468,35.6828387,"Data © OpenStreetMap contributors, ODbL 1.0. https://osm.org/copyright",139.7594549,265018692,node,756493,city
7,"['-26.365', '-26.045', '27.889722', '28.209722']",place,"Johannesburg, City of Johannesburg Metropolitan Municipality, Gauteng, 2001, RSA",https://nominatim.openstreetmap.org/images/mapicons/poi_place_city.p.20.png,0.770780877339487,-26.205,"Data © OpenStreetMap contributors, ODbL 1.0. https://osm.org/copyright",28.049722,261833893,node,735788,city
8,"['41.3170353', '41.4679135', '2.0524977', '2.2283555']",place,"Barcelona, BCN, Catalonia, Spain",https://nominatim.openstreetmap.org/images/mapicons/poi_place_city.p.20.png,0.985529907300899,41.3828939,"Data © OpenStreetMap contributors, ODbL 1.0. https://osm.org/copyright",2.1774322,347950,relation,198243683,city
9,"['59.1651172', '59.4851172', '17.9110935', '18.2310935']",place,"Stockholm, Stockholm County, Region Svealand, 111 29, Sweden",https://nominatim.openstreetmap.org/images/mapicons/poi_place_city.p.20.png,0.9846154873258601,59.3251172,"Data © OpenStreetMap contributors, ODbL 1.0. https://osm.org/copyright",18.0710935,25929985,node,124852,city
10,"['40.8496334', '41.1696334', '28.8051646', '29.1251646']",place,"Istanbul, Fatih, Istanbul, Marmara Region, 34126, Turkey",https://nominatim.openstreetmap.org/images/mapicons/poi_place_city.p.20.png,0.9548937158203421,41.0096334,"Data © OpenStreetMap contributors, ODbL 1.0. https://osm.org/copyright",28.9651646,1882099475,node,19624558,city
11,"['40.3119774', '40.6437293', '-3.8889539', '-3.5179163']",place,"Madrid, Área metropolitana de Madrid y Corredor del Henares, Community of Madrid, 28001, Spain",https://nominatim.openstreetmap.org/images/mapicons/poi_place_city.p.20.png,0.994121792071089,40.4167047,"Data © OpenStreetMap contributors, ODbL 1.0. https://osm.org/copyright",-3.7035825,5326784,relation,198991295,city
12,"['-38.7647072', '-38.6332067', '-62.352755', '-62.1600409']",place,"Bahía Blanca, Partido de Bahía Blanca, Buenos Aires, Argentina",https://nominatim.openstreetmap.org/images/mapicons/poi_place_city.p.20.png,0.657264259352897,-38.7182364,"Data © OpenStreetMap contributors, ODbL 1.0. https://osm.org/copyright",-62.266245,3302861,relation,198751405,city
13,"['44.89015', '45.05125', '-93.329163', '-93.1938584']",place,"Minneapolis, Hennepin County, Minnesota, USA",https://nominatim.openstreetmap.org/images/mapicons/poi_place_city.p.20.png,0.766565682732351,44.9772995,"Data © OpenStreetMap contributors, ODbL 1.0. https://osm.org/copyright",-93.2654692,136712,relation,197846225,city
14,"['39.368837', '39.456208', '-123.374535', '-123.298965']",place,"Willits, Mendocino County, California, 95490, USA",https://nominatim.openstreetmap.org/images/mapicons/poi_place_city.p.20.png,0.45999999999999996,39.4096043,"Data © OpenStreetMap contributors, ODbL 1.0. https://osm.org/copyright",-123.3555602,111764,relation,197783669,city
15,"['29.8654809', '30.1994687', '-90.14003', '-89.6251763']",place,"New Orleans, Orleans Parish, Louisiana, USA",https://nominatim.openstreetmap.org/images/mapicons/poi_place_city.p.20.png,0.827895655966143,29.9499323,"Data © OpenStreetMap contributors, ODbL 1.0. https://osm.org/copyright",-90.0701156,131885,relation,197792635,city
16,"['43.9875292', '44.1322715', '-123.2087577', '-123.0358859']",place,"Eugene, Lane County, Oregon, USA",https://nominatim.openstreetmap.org/images/mapicons/poi_place_city.p.20.png,0.654716003622035,44.0505054,"Data © OpenStreetMap contributors, ODbL 1.0. https://osm.org/copyright",-123.0950506,186706,relation,197912837,city
17,"['43.5802533', '43.8554425', '-79.6392727', '-79.1132193']",place,"Toronto, Ontario, Canada",https://nominatim.openstreetmap.org/images/mapicons/poi_place_city.p.20.png,0.9560770389522419,43.653963,"Data © OpenStreetMap contributors, ODbL 1.0. https://osm.org/copyright",-79.387207,324211,relation,240271804,city
18,"['37.6403143', '37.9298443', '-123.173825', '-122.28178']",boundary,"San Francisco City and County, California, USA",https://nominatim.openstreetmap.org/images/mapicons/poi_boundary_administrative.p.20.png,0.8883636959699721,37.7647993,"Data © OpenStreetMap contributors, ODbL 1.0. https://osm.org/copyright",-122.4629897,396487,relation,198020814,administrative
19,"['48.982291', '49.302291', '9.058655', '9.378655']",place,"Heilbronn, Regierungsbezirk Stuttgart, Baden-Württemberg, 74072, Germany",https://nominatim.openstreetmap.org/images/mapicons/poi_place_city.p.20.png,0.8110426277216349,49.142291,"Data © OpenStreetMap contributors, ODbL 1.0. https://osm.org/copyright",9.218655,26769661,node,139300,city
20,"['59.1651172', '59.4851172', '17.9110935', '18.2310935']",place,"Stockholm, Stockholm County, Region Svealand, 111 29, Sweden",https://nominatim.openstreetmap.org/images/mapicons/poi_place_city.p.20.png,0.9846154873258601,59.3251172,"Data © OpenStreetMap contributors, ODbL 1.0. https://osm.org/copyright",18.0710935,25929985,node,124852,city
21,"['40.477399', '40.9161785', '-74.25909', '-73.7001809']",place,"New York City, New York, USA",https://nominatim.openstreetmap.org/images/mapicons/poi_place_city.p.20.png,0.9829281899909941,40.7308619,"Data © OpenStreetMap contributors, ODbL 1.0. https://osm.org/copyright",-73.9871558,175905,relation,198125788,city
22,"['49.9676668', '50.1261383', '19.7922355', '20.2173455']",boundary,"Krakow, Lesser Poland Voivodeship, Poland",https://nominatim.openstreetmap.org/images/mapicons/poi_boundary_administrative.p.20.png,0.827147707107773,50.04691015,"Data © OpenStreetMap contributors, ODbL 1.0. https://osm.org/copyright",19.9970637622827,2768921,relation,198687794,administrative
23,"['40.477399', '40.9161785', '-74.25909', '-73.7001809']",place,"New York City, New York, USA",https://nominatim.openstreetmap.org/images/mapicons/poi_place_city.p.20.png,0.9829281899909941,40.7308619,"Data © OpenStreetMap contributors, ODbL 1.0. https://osm.org/copyright",-73.9871558,175905,relation,198125788,city
24,"['48.8155755', '48.902156', '2.224122', '2.4697602']",place,"Paris, Ile-de-France, Metropolitan France, France",https://nominatim.openstreetmap.org/images/mapicons/poi_place_city.p.20.png,1.088934599321907,48.8566101,"Data © OpenStreetMap contributors, ODbL 1.0. https://osm.org/copyright",2.3514992,7444,relation,198006226,city
25,"['38.8274467', '38.9342795', '-77.1723197', '-77.0320856']",boundary,"Arlington, Arlington County, Virginia, USA",https://nominatim.openstreetmap.org/images/mapicons/poi_boundary_administrative.p.20.png,0.694767330764609,38.8903961,"Data © OpenStreetMap contributors, ODbL 1.0. https://osm.org/copyright",-77.0841585,206845,relation,198151549,administrative
26,"['45.710673', '45.852653', '-108.691519', '-108.435916']",place,"Billings, Yellowstone County, Montana, USA",https://nominatim.openstreetmap.org/images/mapicons/poi_place_city.p.20.png,0.603491196014054,45.7874957,"Data © OpenStreetMap contributors, ODbL 1.0. https://osm.org/copyright",-108.49607,142497,relation,197809184,city
27,"['-16.6556371', '-16.3356371', '-68.2936346', '-67.9736346']",place,"La Paz, Provincia Murillo, LPZ, 3278, Bolivia",https://nominatim.openstreetmap.org/images/mapicons/poi_place_city.p.20.png,0.820513648510089,-16.4956371,"Data © OpenStreetMap contributors, ODbL 1.0. https://osm.org/copyright",-68.1336346,1975648720,node,20225720,city
28,"['47.3202203', '47.4346662', '8.4480061', '8.6254413']",place,"Zurich, District Zurich, Zurich, Switzerland",https://nominatim.openstreetmap.org/images/mapicons/poi_place_city.p.20.png,0.923392306430403,47.3769434,"Data © OpenStreetMap contributors, ODbL 1.0. https://osm.org/copyright",8.5414061,1682248,relation,198534114,city
29,"['46.9190326', '46.9901527', '7.2943145', '7.4955563']",place,"Bern, Verwaltungskreis Bern-Mittelland, Verwaltungsregion Bern-Mittelland, Bern, Switzerland",https://nominatim.openstreetmap.org/images/mapicons/poi_place_city.p.20.png,0.7840443545543729,46.9482713,"Data © OpenStreetMap contributors, ODbL 1.0. https://osm.org/copyright",7.4514512,1682378,relation,198189641,city
30,"['35.290695', '35.674752', '-97.833675', '-97.124718']",place,"Oklahoma City, Oklahoma County, Oklahoma, USA",https://nominatim.openstreetmap.org/images/mapicons/poi_place_city.p.20.png,0.832353475775865,35.4729886,"Data © OpenStreetMap contributors, ODbL 1.0. https://osm.org/copyright",-97.5170536,185048,relation,198143608,city
31,"['14.4817889', '14.8017889', '-90.6732239', '-90.3532239']",place,"Guatemala City, Guatemala, 01001, Guatemala",https://nominatim.openstreetmap.org/images/mapicons/poi_place_city.p.20.png,0.830077877750203,14.6417889,"Data © OpenStreetMap contributors, ODbL 1.0. https://osm.org/copyright",-90.5132239,472114145,node,4403303,city
32,"['37.6403143', '37.9298443', '-123.173825', '-122.28178']",boundary,"San Francisco City and County, California, USA",https://nominatim.openstreetmap.org/images/mapicons/poi_boundary_administrative.p.20.png,0.8883636959699721,37.7647993,"Data © OpenStreetMap contributors, ODbL 1.0. https://osm.org/copyright",-122.4629897,396487,relation,198020814,administrative
33,"['37.835727', '37.9066896', '-122.3686793', '-122.2341962']",place,"Berkeley, Alameda County, California, USA",https://nominatim.openstreetmap.org/images/mapicons/poi_place_city.p.20.png,0.695505117607742,37.8708393,"Data © OpenStreetMap contributors, ODbL 1.0. https://osm.org/copyright",-122.2728639,2833528,relation,198436583,city
34,"['37.6403143', '37.9298443', '-123.173825', '-122.28178']",boundary,"San Francisco City and County, California, USA",https://nominatim.openstreetmap.org/images/mapicons/poi_boundary_administrative.p.20.png,0.8883636959699721,37.7647993,"Data © OpenStreetMap contributors, ODbL 1.0. https://osm.org/copyright",-122.4629897,396487,relation,198020814,administrative
35,"['40.477399', '40.9161785', '-74.25909', '-73.7001809']",place,"New York City, New York, USA",https://nominatim.openstreetmap.org/images/mapicons/poi_place_city.p.20.png,0.9829281899909941,40.7308619,"Data © OpenStreetMap contributors, ODbL 1.0. https://osm.org/copyright",-73.9871558,175905,relation,198125788,city
36,"['40.477399', '40.9161785', '-74.25909', '-73.7001809']",place,"New York City, New York, USA",https://nominatim.openstreetmap.org/images/mapicons/poi_place_city.p.20.png,0.9829281899909941,40.7308619,"Data © OpenStreetMap contributors, ODbL 1.0. https://osm.org/copyright",-73.9871558,175905,relation,198125788,city
37,"['39.830267', '39.830286', '-84.929318', '-84.926935']",highway,"Northwest A, Richmond, Wayne County, Indiana, 47374, USA",,0.30000000000000004,39.8302726,"Data © OpenStreetMap contributors, ODbL 1.0. https://osm.org/copyright",-84.9276349,17590927,way,77220720,residential
38,"['40.061887', '40.16398', '-88.333345', '-88.221223']",place,"Champaign, Champaign County, Illinois, USA",https://nominatim.openstreetmap.org/images/mapicons/poi_place_city.p.20.png,0.648252011971775,40.1164205,"Data © OpenStreetMap contributors, ODbL 1.0. https://osm.org/copyright",-88.2433829,126114,relation,197826977,city
39,"['31.8683034', '31.8684034', '-102.3967545', '-102.3966545']",place,"D C, Odessa, Ector County, Texas, 79761, USA",,0.4,31.8683534,"Data © OpenStreetMap contributors, ODbL 1.0. https://osm.org/copyright",-102.3967045,4053585134,node,51700300,neighbourhood
40,"['40.477399', '40.9161785', '-74.25909', '-73.7001809']",place,"New York City, New York, USA",https://nominatim.openstreetmap.org/images/mapicons/poi_place_city.p.20.png,0.9829281899909941,40.7308619,"Data © OpenStreetMap contributors, ODbL 1.0. https://osm.org/copyright",-73.9871558,175905,relation,198125788,city
41,"['38.5323215', '38.7743396', '-90.3206525', '-90.1662923']",place,"St. Louis, City of St. Louis, Missouri, USA",https://nominatim.openstreetmap.org/images/mapicons/poi_place_city.p.20.png,0.841911570807998,38.6272733,"Data © OpenStreetMap contributors, ODbL 1.0. https://osm.org/copyright",-90.1978889,140167,relation,198716180,city
42,"['40.693767', '40.900281', '-96.80415', '-96.577307']",place,"Lincoln, Lancaster County, Nebraska, USA",https://nominatim.openstreetmap.org/images/mapicons/poi_place_city.p.20.png,0.8397825930807881,40.8,"Data © OpenStreetMap contributors, ODbL 1.0. https://osm.org/copyright",-96.667821,169588,relation,197668111,city
43,"['41.643919', '42.0230219', '-87.940101', '-87.5239841']",place,"Chicago, Cook County, Illinois, USA",https://nominatim.openstreetmap.org/images/mapicons/poi_place_city.p.20.png,0.892647610488886,41.8755616,"Data © OpenStreetMap contributors, ODbL 1.0. https://osm.org/copyright",-87.6244212,122604,relation,197578857,city
44,"['43.6919774', '44.0119774', '18.2266868', '18.5466868']",place,"Sarajevo, New Sarajevo municipality, City of Sarajevo, Sarajevo Canton, Entity Federation of Bosnia and Herzegovina, 71000, B&H",https://nominatim.openstreetmap.org/images/mapicons/poi_place_city.p.20.png,1.076549069595552,43.8519774,"Data © OpenStreetMap contributors, ODbL 1.0. https://osm.org/copyright",18.3866868,2021709163,node,241025104,city
45,"['-12.0798496', '-12.0308705', '-77.0884555', '-77.0017774']",place,"Lima, Peru",https://nominatim.openstreetmap.org/images/mapicons/poi_place_city.p.20.png,0.908606514919986,-12.0621065,"Data © OpenStreetMap contributors, ODbL 1.0. https://osm.org/copyright",-77.0365256,1944756,relation,198411581,city
46,"['55.4913076', '55.9574097', '37.290502', '37.9674277']",place,"Moscow, Central Administrative Okrug, Moscow, Central Federal District, Russia",https://nominatim.openstreetmap.org/images/mapicons/poi_place_city.p.20.png,1.032316290384526,55.7507178,"Data © OpenStreetMap contributors, ODbL 1.0. https://osm.org/copyright",37.6176606,2555133,relation,198462762,city
47,"['47.3202203', '47.4346662', '8.4480061', '8.6254413']",place,"Zurich, District Zurich, Zurich, Switzerland",https://nominatim.openstreetmap.org/images/mapicons/poi_place_city.p.20.png,0.923392306430403,47.3769434,"Data © OpenStreetMap contributors, ODbL 1.0. https://osm.org/copyright",8.5414061,1682248,relation,198534114,city
48,"['40.9894512', '41.3094512', '-8.7707884', '-8.4507884']",place,"Porto, PRT, Porto, Área Metropolitana do Porto, North, 4000-424, Portugal",https://nominatim.openstreetmap.org/images/mapicons/poi_place_city.p.20.png,0.8628207087632851,41.1494512,"Data © OpenStreetMap contributors, ODbL 1.0. https://osm.org/copyright",-8.6107884,2986300166,node,39977268,city
49,"['1.2101324', '1.4715641', '103.6056259', '104.0436413']",place,"Singapore, Southeast, Singapore",,0.985998091200246,1.3408528,"Data © OpenStreetMap contributors, ODbL 1.0. https://osm.org/copyright",103.878446863736,1769123,relation,198975930,island
50,"['35.5228387', '35.8428387', '139.5994549', '139.9194549']",place,"Tokyo, Chiyoda, Tokyo, Kanto, 100-0002, Japan",https://nominatim.openstreetmap.org/images/mapicons/poi_place_city.p.20.png,1.009852179415468,35.6828387,"Data © OpenStreetMap contributors, ODbL 1.0. https://osm.org/copyright",139.7594549,265018692,node,756493,city
51,"['19.2726009', '19.5926009', '-99.2933416', '-98.9733416']",place,"Mexico City, Cuauhtémoc, 06060, Mexico",https://nominatim.openstreetmap.org/images/mapicons/poi_place_city.p.20.png,1.154807457730147,19.4326009,"Data © OpenStreetMap contributors, ODbL 1.0. https://osm.org/copyright",-99.1333416,62270270,node,257304,city
52,"['22.1367222', '22.5683333', '113.8171111', '114.5024444']",boundary,"Hong Kong, PRC",https://nominatim.openstreetmap.org/images/mapicons/poi_boundary_administrative.p.20.png,0.9733025718788211,22.350627,"Data © OpenStreetMap contributors, ODbL 1.0. https://osm.org/copyright",114.1849161,913110,relation,236164134,administrative
53,"['43.5802533', '43.8554425', '-79.6392727', '-79.1132193']",place,"Toronto, Ontario, Canada",https://nominatim.openstreetmap.org/images/mapicons/poi_place_city.p.20.png,0.9560770389522419,43.653963,"Data © OpenStreetMap contributors, ODbL 1.0. https://osm.org/copyright",-79.387207,324211,relation,240271804,city
54,"['31.8683034', '31.8684034', '-102.3967545', '-102.3966545']",place,"D C, Odessa, Ector County, Texas, 79761, USA",,0.4,31.8683534,"Data © OpenStreetMap contributors, ODbL 1.0. https://osm.org/copyright",-102.3967045,4053585134,node,51700300,neighbourhood
55,"['31.8683034', '31.8684034', '-102.3967545', '-102.3966545']",place,"D C, Odessa, Ector County, Texas, 79761, USA",,0.4,31.8683534,"Data © OpenStreetMap contributors, ODbL 1.0. https://osm.org/copyright",-102.3967045,4053585134,node,51700300,neighbourhood
56,"['40.477399', '40.9161785', '-74.25909', '-73.7001809']",place,"New York City, New York, USA",https://nominatim.openstreetmap.org/images/mapicons/poi_place_city.p.20.png,0.9829281899909941,40.7308619,"Data © OpenStreetMap contributors, ODbL 1.0. https://osm.org/copyright",-73.9871558,175905,relation,198125788,city
57,"['26.079607', '26.21192', '-80.2037815', '-80.0871487']",place,"Fort Lauderdale, Broward County, Florida, USA",https://nominatim.openstreetmap.org/images/mapicons/poi_place_city.p.20.png,0.739695150497784,26.1223084,"Data © OpenStreetMap contributors, ODbL 1.0. https://osm.org/copyright",-80.1433786,117955,relation,197761589,city
58,"['41.3170353', '41.4679135', '2.0524977', '2.2283555']",place,"Barcelona, BCN, Catalonia, Spain",https://nominatim.openstreetmap.org/images/mapicons/poi_place_city.p.20.png,0.985529907300899,41.3828939,"Data © OpenStreetMap contributors, ODbL 1.0. https://osm.org/copyright",2.1774322,347950,relation,198243683,city
59,"['4.4380772', '4.7580772', '-74.2361028', '-73.9161028']",place,"Bogota, Distrito Capital de Bogotá, 110321, Colombia",https://nominatim.openstreetmap.org/images/mapicons/poi_place_city.p.20.png,0.8746497775362809,4.5980772,"Data © OpenStreetMap contributors, ODbL 1.0. https://osm.org/copyright",-74.0761028,671806634,node,6613003,city
60,"['45.3867381', '45.5358482', '9.0408867', '9.2781103']",place,"Milan, Lombardy, Italy",https://nominatim.openstreetmap.org/images/mapicons/poi_place_city.p.20.png,0.9858515758029791,45.4667971,"Data © OpenStreetMap contributors, ODbL 1.0. https://osm.org/copyright",9.1904984,44915,relation,198722082,city
61,"['50.655556', '50.72834', '5.2140809', '5.3134629']",boundary,"Waremme, Liège, Wallonia, 4300, Belgium",https://nominatim.openstreetmap.org/images/mapicons/poi_boundary_administrative.p.20.png,0.717623925860843,50.6976875,"Data © OpenStreetMap contributors, ODbL 1.0. https://osm.org/copyright",5.2546191,2375479,relation,198636330,administrative
62,"['49.1530145', '49.2162655', '-0.413777', '-0.3307282']",place,"Caen, Calvados, Normandy, Metropolitan France, 14000, France",https://nominatim.openstreetmap.org/images/mapicons/poi_place_city.p.20.png,0.8606831135406481,49.1828008,"Data © OpenStreetMap contributors, ODbL 1.0. https://osm.org/copyright",-0.3690815,149197,relation,198719724,city
63,"['50.6865573', '51.0065573', '4.191697', '4.511697']",place,"Brussels, Brussels-Capital, 1000, Belgium",https://nominatim.openstreetmap.org/images/mapicons/poi_place_city.p.20.png,0.660883685865567,50.8465573,"Data © OpenStreetMap contributors, ODbL 1.0. https://osm.org/copyright",4.351697,1635651356,node,17463532,city
64,"['41.643919', '42.0230219', '-87.940101', '-87.5239841']",place,"Chicago, Cook County, Illinois, USA",https://nominatim.openstreetmap.org/images/mapicons/poi_place_city.p.20.png,0.892647610488886,41.8755616,"Data © OpenStreetMap contributors, ODbL 1.0. https://osm.org/copyright",-87.6244212,122604,relation,197578857,city
65,"['51.3473219', '51.6673219', '-0.2876474', '0.0323526']",place,"London, Greater London, England, SW1A 2DU, United Kingdom",https://nominatim.openstreetmap.org/images/mapicons/poi_place_city.p.20.png,1.175489576540198,51.5073219,"Data © OpenStreetMap contributors, ODbL 1.0. https://osm.org/copyright",-0.1276474,107775,node,100145,city
66,"['48.8155755', '48.902156', '2.224122', '2.4697602']",place,"Paris, Ile-de-France, Metropolitan France, France",https://nominatim.openstreetmap.org/images/mapicons/poi_place_city.p.20.png,1.088934599321907,48.8566101,"Data © OpenStreetMap contributors, ODbL 1.0. https://osm.org/copyright",2.3514992,7444,relation,198006226,city
67,"['48.8155755', '48.902156', '2.224122', '2.4697602']",place,"Paris, Ile-de-France, Metropolitan France, France",https://nominatim.openstreetmap.org/images/mapicons/poi_place_city.p.20.png,1.088934599321907,48.8566101,"Data © OpenStreetMap contributors, ODbL 1.0. https://osm.org/copyright",2.3514992,7444,relation,198006226,city
68,"['48.8155755', '48.902156', '2.224122', '2.4697602']",place,"Paris, Ile-de-France, Metropolitan France, France",https://nominatim.openstreetmap.org/images/mapicons/poi_place_city.p.20.png,1.088934599321907,48.8566101,"Data © OpenStreetMap contributors, ODbL 1.0. https://osm.org/copyright",2.3514992,7444,relation,198006226,city
69,"['-34.938056', '-34.7018526', '-56.4313997', '-56.0225006']",place,"Montevideo, Uruguay",https://nominatim.openstreetmap.org/images/mapicons/poi_place_city.p.20.png,0.88901990065022,-34.9059039,"Data © OpenStreetMap contributors, ODbL 1.0. https://osm.org/copyright",-56.1913569,2929054,relation,236564944,city
70,"['-38.7647072', '-38.6332067', '-62.352755', '-62.1600409']",place,"Bahía Blanca, Partido de Bahía Blanca, Buenos Aires, Argentina",https://nominatim.openstreetmap.org/images/mapicons/poi_place_city.p.20.png,0.657264259352897,-38.7182364,"Data © OpenStreetMap contributors, ODbL 1.0. https://osm.org/copyright",-62.266245,3302861,relation,198751405,city
71,"['4.4380772', '4.7580772', '-74.2361028', '-73.9161028']",place,"Bogota, Distrito Capital de Bogotá, 110321, Colombia",https://nominatim.openstreetmap.org/images/mapicons/poi_place_city.p.20.png,0.8746497775362809,4.5980772,"Data © OpenStreetMap contributors, ODbL 1.0. https://osm.org/copyright",-74.0761028,671806634,node,6613003,city
72,"['4.4380772', '4.7580772', '-74.2361028', '-73.9161028']",place,"Bogota, Distrito Capital de Bogotá, 110321, Colombia",https://nominatim.openstreetmap.org/images/mapicons/poi_place_city.p.20.png,0.8746497775362809,4.5980772,"Data © OpenStreetMap contributors, ODbL 1.0. https://osm.org/copyright",-74.0761028,671806634,node,6613003,city
73,"['48.8155755', '48.902156', '2.224122', '2.4697602']",place,"Paris, Ile-de-France, Metropolitan France, France",https://nominatim.openstreetmap.org/images/mapicons/poi_place_city.p.20.png,1.088934599321907,48.8566101,"Data © OpenStreetMap contributors, ODbL 1.0. https://osm.org/copyright",2.3514992,7444,relation,198006226,city
74,"['52.2781742', '52.4310638', '4.7292418', '5.0791622']",boundary,"Amsterdam, Centrum, Amsterdam, North Holland, Netherlands",https://nominatim.openstreetmap.org/images/mapicons/poi_boundary_administrative.p.20.png,1.0696769197533271,52.3745403,"Data © OpenStreetMap contributors, ODbL 1.0. https://osm.org/copyright",4.89797550561798,271110,relation,198234783,administrative
75,"['48.0616244', '48.2481162', '11.360777', '11.7229083']",place,"Munich, Upper Bavaria, Bavaria, Germany",https://nominatim.openstreetmap.org/images/mapicons/poi_place_city.p.20.png,0.991494016451848,48.1371079,"Data © OpenStreetMap contributors, ODbL 1.0. https://osm.org/copyright",11.5753822,62428,relation,197724330,city
76,"['52.026282', '52.1356715', '5.0041608', '5.195155']",boundary,"Utrecht, Netherlands",https://nominatim.openstreetmap.org/images/mapicons/poi_boundary_administrative.p.20.png,0.9656730714274561,52.08095165,"Data © OpenStreetMap contributors, ODbL 1.0. https://osm.org/copyright",5.12768031549829,1433619,relation,198264339,administrative
77,"['45.0067924', '45.1402175', '7.5778348', '7.7733388']",place,"Turin, TO, Piemont, Italy",https://nominatim.openstreetmap.org/images/mapicons/poi_place_city.p.20.png,0.954199353758894,45.0677551,"Data © OpenStreetMap contributors, ODbL 1.0. https://osm.org/copyright",7.6824892,43992,relation,236425165,city
78,"['45.0067924', '45.1402175', '7.5778348', '7.7733388']",place,"Turin, TO, Piemont, Italy",https://nominatim.openstreetmap.org/images/mapicons/poi_place_city.p.20.png,0.954199353758894,45.0677551,"Data © OpenStreetMap contributors, ODbL 1.0. https://osm.org/copyright",7.6824892,43992,relation,236425165,city
79,"['44.5629531', '44.7424432', '10.7829773', '11.0122721']",place,"Modena, MO, Emilia-Romagna, Italy",https://nominatim.openstreetmap.org/images/mapicons/poi_place_city.p.20.png,0.849696782531024,44.6458885,"Data © OpenStreetMap contributors, ODbL 1.0. https://osm.org/copyright",10.9255707,43336,relation,197390183,city
80,"['46.0362704', '46.2335995', '12.1183605', '12.3067003']",boundary,"Belluno, BL, Veneto, 32100, Italy",https://nominatim.openstreetmap.org/images/mapicons/poi_boundary_administrative.p.20.png,0.761551265668349,46.1397378,"Data © OpenStreetMap contributors, ODbL 1.0. https://osm.org/copyright",12.2192968,46834,relation,197409761,administrative
81,"['48.8155755', '48.902156', '2.224122', '2.4697602']",place,"Paris, Ile-de-France, Metropolitan France, France",https://nominatim.openstreetmap.org/images/mapicons/poi_place_city.p.20.png,1.088934599321907,48.8566101,"Data © OpenStreetMap contributors, ODbL 1.0. https://osm.org/copyright",2.3514992,7444,relation,198006226,city
82,"['48.8155755', '48.902156', '2.224122', '2.4697602']",place,"Paris, Ile-de-France, Metropolitan France, France",https://nominatim.openstreetmap.org/images/mapicons/poi_place_city.p.20.png,1.088934599321907,48.8566101,"Data © OpenStreetMap contributors, ODbL 1.0. https://osm.org/copyright",2.3514992,7444,relation,198006226,city
83,"['43.249901', '43.3663312', '11.2300025', '11.4285563']",place,"Siena, SI, Tuscany, Italy",https://nominatim.openstreetmap.org/images/mapicons/poi_place_city.p.20.png,0.857575319075166,43.3185536,"Data © OpenStreetMap contributors, ODbL 1.0. https://osm.org/copyright",11.3316533,42398,relation,197384441,city
84,"['46.0349453', '46.0378246', '11.8836206', '11.8853066']",highway,"Via Galileo Galilei, Pedavena, BL, Veneto, 32032, Italy",,0.41000000000000003,46.0364152,"Data © OpenStreetMap contributors, ODbL 1.0. https://osm.org/copyright",11.8841422,27198995,way,81820140,tertiary
85,"['46.0349453', '46.0378246', '11.8836206', '11.8853066']",highway,"Via Galileo Galilei, Pedavena, BL, Veneto, 32032, Italy",,0.41000000000000003,46.0364152,"Data © OpenStreetMap contributors, ODbL 1.0. https://osm.org/copyright",11.8841422,27198995,way,81820140,tertiary
86,"['46.0349453', '46.0378246', '11.8836206', '11.8853066']",highway,"Via Galileo Galilei, Pedavena, BL, Veneto, 32032, Italy",,0.41000000000000003,46.0364152,"Data © OpenStreetMap contributors, ODbL 1.0. https://osm.org/copyright",11.8841422,27198995,way,81820140,tertiary
87,"['48.8155755', '48.902156', '2.224122', '2.4697602']",place,"Paris, Ile-de-France, Metropolitan France, France",https://nominatim.openstreetmap.org/images/mapicons/poi_place_city.p.20.png,1.088934599321907,48.8566101,"Data © OpenStreetMap contributors, ODbL 1.0. https://osm.org/copyright",2.3514992,7444,relation,198006226,city
88,"['45.0067924', '45.1402175', '7.5778348', '7.7733388']",place,"Turin, TO, Piemont, Italy",https://nominatim.openstreetmap.org/images/mapicons/poi_place_city.p.20.png,0.954199353758894,45.0677551,"Data © OpenStreetMap contributors, ODbL 1.0. https://osm.org/copyright",7.6824892,43992,relation,236425165,city
89,"['38.7653043', '38.8179122', '16.4683505', '16.5890977']",boundary,"Squillace, CZ, Calabria, 88069, Italy",https://nominatim.openstreetmap.org/images/mapicons/poi_boundary_administrative.p.20.png,0.6927150204796291,38.779485,"Data © OpenStreetMap contributors, ODbL 1.0. https://osm.org/copyright",16.512205,39719,relation,197989223,administrative
90,"['55.696656', '56.016656', '-4.4035817', '-4.0835817']",place,"Glasgow, Glasgow City, Scotland, G, United Kingdom",https://nominatim.openstreetmap.org/images/mapicons/poi_place_city.p.20.png,1.0128729964245382,55.856656,"Data © OpenStreetMap contributors, ODbL 1.0. https://osm.org/copyright",-4.2435817,11127374,node,107151,city
91,"['35.985333', '37.0586272', '138.397022', '139.669944']",boundary,"Gunma Prefecture, Kanto, Japan",https://nominatim.openstreetmap.org/images/mapicons/poi_boundary_administrative.p.20.png,0.8288475639138331,36.52198,"Data © OpenStreetMap contributors, ODbL 1.0. https://osm.org/copyright",139.033483,1851649,relation,198530184,administrative
92,"['41.3170353', '41.4679135', '2.0524977', '2.2283555']",place,"Barcelona, BCN, Catalonia, Spain",https://nominatim.openstreetmap.org/images/mapicons/poi_place_city.p.20.png,0.985529907300899,41.3828939,"Data © OpenStreetMap contributors, ODbL 1.0. https://osm.org/copyright",2.1774322,347950,relation,198243683,city
93,"['43.5802533', '43.8554425', '-79.6392727', '-79.1132193']",place,"Toronto, Ontario, Canada",https://nominatim.openstreetmap.org/images/mapicons/poi_place_city.p.20.png,0.9560770389522419,43.653963,"Data © OpenStreetMap contributors, ODbL 1.0. https://osm.org/copyright",-79.387207,324211,relation,240271804,city
94,"['49.1984452', '49.3161714', '-123.2249611', '-123.0232419']",place,"Vancouver, Metro Vancouver Regional District, British Columbia, Canada",https://nominatim.openstreetmap.org/images/mapicons/poi_place_city.p.20.png,0.927662018606761,49.2608724,"Data © OpenStreetMap contributors, ODbL 1.0. https://osm.org/copyright",-123.1139529,1852574,relation,198538249,city
95,"['55.3064892', '55.6264892', '8.2920751', '8.6120751']",place,"Esbjerg, Esbjerg Municipality, Region of Southern Denmark, 6700, Denmark",https://nominatim.openstreetmap.org/images/mapicons/poi_place_city.p.20.png,0.7497073265189631,55.4664892,"Data © OpenStreetMap contributors, ODbL 1.0. https://osm.org/copyright",8.4520751,21040360,node,113491,city
96,"['51.3473219', '51.6673219', '-0.2876474', '0.0323526']",place,"London, Greater London, England, SW1A 2DU, United Kingdom",https://nominatim.openstreetmap.org/images/mapicons/poi_place_city.p.20.png,1.175489576540198,51.5073219,"Data © OpenStreetMap contributors, ODbL 1.0. https://osm.org/copyright",-0.1276474,107775,node,100145,city
97,"['52.3570365', '52.6770365', '13.2288599', '13.5488599']",place,"Berlin, 10117, Germany",https://nominatim.openstreetmap.org/images/mapicons/poi_place_city.p.20.png,1.042149797630868,52.5170365,"Data © OpenStreetMap contributors, ODbL 1.0. https://osm.org/copyright",13.3888599,240109189,node,595794,city
98,"['44.421033', '44.556094', '11.2296206', '11.4336295']",place,"Bologna, BO, Emilia-Romagna, Italy",https://nominatim.openstreetmap.org/images/mapicons/poi_place_city.p.20.png,0.921066118511801,44.4936714,"Data © OpenStreetMap contributors, ODbL 1.0. https://osm.org/copyright",11.3430347,43172,relation,198025018,city
99,"['49.1984452', '49.3161714', '-123.2249611', '-123.0232419']",place,"Vancouver, Metro Vancouver Regional District, British Columbia, Canada",https://nominatim.openstreetmap.org/images/mapicons/poi_place_city.p.20.png,0.927662018606761,49.2608724,"Data © OpenStreetMap contributors, ODbL 1.0. https://osm.org/copyright",-123.1139529,1852574,relation,198538249,city
100,"['41.3170353', '41.4679135', '2.0524977', '2.2283555']",place,"Barcelona, BCN, Catalonia, Spain",https://nominatim.openstreetmap.org/images/mapicons/poi_place_city.p.20.png,0.985529907300899,41.3828939,"Data © OpenStreetMap contributors, ODbL 1.0. https://osm.org/copyright",2.1774322,347950,relation,198243683,city
101,"['-37.0134665', '-36.6934665', '174.6055514', '174.9255514']",place,"Auckland, 1010, New Zealand",https://nominatim.openstreetmap.org/images/mapicons/poi_place_city.p.20.png,0.9597784536917131,-36.8534665,"Data © OpenStreetMap contributors, ODbL 1.0. https://osm.org/copyright",174.7655514,292806332,node,938071,city
102,"['52.3570365', '52.6770365', '13.2288599', '13.5488599']",place,"Berlin, 10117, Germany",https://nominatim.openstreetmap.org/images/mapicons/poi_place_city.p.20.png,1.042149797630868,52.5170365,"Data © OpenStreetMap contributors, ODbL 1.0. https://osm.org/copyright",13.3888599,240109189,node,595794,city
103,"['47.3202203', '47.4346662', '8.4480061', '8.6254413']",place,"Zurich, District Zurich, Zurich, Switzerland",https://nominatim.openstreetmap.org/images/mapicons/poi_place_city.p.20.png,0.923392306430403,47.3769434,"Data © OpenStreetMap contributors, ODbL 1.0. https://osm.org/copyright",8.5414061,1682248,relation,198534114,city
104,"['52.3570365', '52.6770365', '13.2288599', '13.5488599']",place,"Berlin, 10117, Germany",https://nominatim.openstreetmap.org/images/mapicons/poi_place_city.p.20.png,1.042149797630868,52.5170365,"Data © OpenStreetMap contributors, ODbL 1.0. https://osm.org/copyright",13.3888599,240109189,node,595794,city
105,"['22.1367222', '22.5683333', '113.8171111', '114.5024444']",boundary,"Hong Kong, PRC",https://nominatim.openstreetmap.org/images/mapicons/poi_boundary_administrative.p.20.png,0.9733025718788211,22.350627,"Data © OpenStreetMap contributors, ODbL 1.0. https://osm.org/copyright",114.1849161,913110,relation,236164134,administrative
106,"['47.519294', '47.5898969', '7.5546583', '7.6341406']",place,"Basel, Basel-City, Switzerland",https://nominatim.openstreetmap.org/images/mapicons/poi_place_city.p.20.png,0.8999159438424411,47.5581077,"Data © OpenStreetMap contributors, ODbL 1.0. https://osm.org/copyright",7.5878261,1683619,relation,198285479,city
107,"['14.4649416', '14.5621305', '121.0221433', '121.1085249']",place,"Taguig, Metro Manila, Philippines",https://nominatim.openstreetmap.org/images/mapicons/poi_place_city.p.20.png,0.640941488689445,14.5266254,"Data © OpenStreetMap contributors, ODbL 1.0. https://osm.org/copyright",121.074403,6497639,relation,199103285,city
108,"['22.1367222', '22.5683333', '113.8171111', '114.5024444']",boundary,"Hong Kong, PRC",https://nominatim.openstreetmap.org/images/mapicons/poi_boundary_administrative.p.20.png,0.9733025718788211,22.350627,"Data © OpenStreetMap contributors, ODbL 1.0. https://osm.org/copyright",114.1849161,913110,relation,236164134,administrative
109,"['30.0984576', '30.5166255', '-97.9367663', '-97.5605292']",place,"Austin, Travis County, Texas, USA",https://nominatim.openstreetmap.org/images/mapicons/poi_place_city.p.20.png,0.748940388438205,30.2711286,"Data © OpenStreetMap contributors, ODbL 1.0. https://osm.org/copyright",-97.7436995,113314,relation,240569707,city
110,"['53.390341', '53.710341', '9.840654', '10.160654']",place,"Hamburg, 20095, Germany",https://nominatim.openstreetmap.org/images/mapicons/poi_place_city.p.20.png,0.969144260142488,53.550341,"Data © OpenStreetMap contributors, ODbL 1.0. https://osm.org/copyright",10.000654,20833623,node,114035,city
111,"['46.0349453', '46.0378246', '11.8836206', '11.8853066']",highway,"Via Galileo Galilei, Pedavena, BL, Veneto, 32032, Italy",,0.41000000000000003,46.0364152,"Data © OpenStreetMap contributors, ODbL 1.0. https://osm.org/copyright",11.8841422,27198995,way,81820140,tertiary
112,"['53.390341', '53.710341', '9.840654', '10.160654']",place,"Hamburg, 20095, Germany",https://nominatim.openstreetmap.org/images/mapicons/poi_place_city.p.20.png,0.969144260142488,53.550341,"Data © OpenStreetMap contributors, ODbL 1.0. https://osm.org/copyright",10.000654,20833623,node,114035,city
113,"['48.8155755', '48.902156', '2.224122', '2.4697602']",place,"Paris, Ile-de-France, Metropolitan France, France",https://nominatim.openstreetmap.org/images/mapicons/poi_place_city.p.20.png,1.088934599321907,48.8566101,"Data © OpenStreetMap contributors, ODbL 1.0. https://osm.org/copyright",2.3514992,7444,relation,198006226,city
114,"['40.3119774', '40.6437293', '-3.8889539', '-3.5179163']",place,"Madrid, Área metropolitana de Madrid y Corredor del Henares, Community of Madrid, 28001, Spain",https://nominatim.openstreetmap.org/images/mapicons/poi_place_city.p.20.png,0.994121792071089,40.4167047,"Data © OpenStreetMap contributors, ODbL 1.0. https://osm.org/copyright",-3.7035825,5326784,relation,198991295,city
115,"['37.40632', '37.4469336', '-122.1913194', '-122.14924']",place,"Stanford, Santa Clara County, California, USA",https://nominatim.openstreetmap.org/images/mapicons/poi_place_village.p.20.png,0.5719162592812,37.4248398,"Data © OpenStreetMap contributors, ODbL 1.0. https://osm.org/copyright",-122.1677058,1546085,relation,198449877,hamlet
116,"['52.2781742', '52.4310638', '4.7292418', '5.0791622']",boundary,"Amsterdam, Centrum, Amsterdam, North Holland, Netherlands",https://nominatim.openstreetmap.org/images/mapicons/poi_boundary_administrative.p.20.png,1.0696769197533271,52.3745403,"Data © OpenStreetMap contributors, ODbL 1.0. https://osm.org/copyright",4.89797550561798,271110,relation,198234783,administrative
117,"['38.8446262', '38.8465063', '-9.1733113', '-9.1718307']",landuse,"EL&A, Loures, LRS, Lisbon, Grande Lisboa, Área Metropolitana de Lisboa, Portugal",,0.51,38.845448,"Data © OpenStreetMap contributors, ODbL 1.0. https://osm.org/copyright",-9.17253669598281,310553120,way,147347603,industrial
118,"['-34.088992', '-33.768992', '18.257396', '18.577396']",place,"Cape Town, City of Cape Town, Western Cape, 8001, RSA",https://nominatim.openstreetmap.org/images/mapicons/poi_place_city.p.20.png,0.8327937176010209,-33.928992,"Data © OpenStreetMap contributors, ODbL 1.0. https://osm.org/copyright",18.417396,32675806,node,194166,city
119,"['48.0616244', '48.2481162', '11.360777', '11.7229083']",place,"Munich, Upper Bavaria, Bavaria, Germany",https://nominatim.openstreetmap.org/images/mapicons/poi_place_city.p.20.png,0.991494016451848,48.1371079,"Data © OpenStreetMap contributors, ODbL 1.0. https://osm.org/copyright",11.5753822,62428,relation,197724330,city
120,"['41.0160584', '41.1697837', '16.7172376', '17.0334109']",place,"Bari, BA, Apulia, Italy",https://nominatim.openstreetmap.org/images/mapicons/poi_place_city.p.20.png,0.84966847756679,41.1257843,"Data © OpenStreetMap contributors, ODbL 1.0. https://osm.org/copyright",16.8620293,41038,relation,197365512,city
121,"['50.6865573', '51.0065573', '4.191697', '4.511697']",place,"Brussels, Brussels-Capital, 1000, Belgium",https://nominatim.openstreetmap.org/images/mapicons/poi_place_city.p.20.png,0.660883685865567,50.8465573,"Data © OpenStreetMap contributors, ODbL 1.0. https://osm.org/copyright",4.351697,1635651356,node,17463532,city
122,"['46.5043006', '46.6025773', '6.5838681', '6.7208137']",place,"Lausanne, District de Lausanne, Vaud, Switzerland",https://nominatim.openstreetmap.org/images/mapicons/poi_place_city.p.20.png,0.8753486004994111,46.5218269,"Data © OpenStreetMap contributors, ODbL 1.0. https://osm.org/copyright",6.6327025,1685018,relation,238504120,city
123,"['-21.999342', '-21.520535', '-43.685934', '-43.146653']",place,"Juiz de Fora, Microrregião Juiz de Fora, Mesorregião Zona da Mata, Minas Gerais, Southeast Region, Brazil",https://nominatim.openstreetmap.org/images/mapicons/poi_place_city.p.20.png,0.9231990154647229,-21.7609533,"Data © OpenStreetMap contributors, ODbL 1.0. https://osm.org/copyright",-43.3501129,314769,relation,197947184,city
124,"['31.8683034', '31.8684034', '-102.3967545', '-102.3966545']",place,"D C, Odessa, Ector County, Texas, 79761, USA",,0.4,31.8683534,"Data © OpenStreetMap contributors, ODbL 1.0. https://osm.org/copyright",-102.3967045,4053585134,node,51700300,neighbourhood
125,"['-34.705637', '-34.5265535', '-58.5314588', '-58.3351249']",place,"Autonomous City of Buenos Aires, Argentina",https://nominatim.openstreetmap.org/images/mapicons/poi_place_city.p.20.png,0.978795839383915,-34.6075616,"Data © OpenStreetMap contributors, ODbL 1.0. https://osm.org/copyright",-58.437076,1224652,relation,198251123,city
126,"['40.477399', '40.9161785', '-74.25909', '-73.7001809']",place,"New York City, New York, USA",https://nominatim.openstreetmap.org/images/mapicons/poi_place_city.p.20.png,0.9829281899909941,40.7308619,"Data © OpenStreetMap contributors, ODbL 1.0. https://osm.org/copyright",-73.9871558,175905,relation,198125788,city
127,"['49.1984452', '49.3161714', '-123.2249611', '-123.0232419']",place,"Vancouver, Metro Vancouver Regional District, British Columbia, Canada",https://nominatim.openstreetmap.org/images/mapicons/poi_place_city.p.20.png,0.927662018606761,49.2608724,"Data © OpenStreetMap contributors, ODbL 1.0. https://osm.org/copyright",-123.1139529,1852574,relation,198538249,city
128,"['40.477399', '40.9161785', '-74.25909', '-73.7001809']",place,"New York City, New York, USA",https://nominatim.openstreetmap.org/images/mapicons/poi_place_city.p.20.png,0.9829281899909941,40.7308619,"Data © OpenStreetMap contributors, ODbL 1.0. https://osm.org/copyright",-73.9871558,175905,relation,198125788,city
129,"['52.3570365', '52.6770365', '13.2288599', '13.5488599']",place,"Berlin, 10117, Germany",https://nominatim.openstreetmap.org/images/mapicons/poi_place_city.p.20.png,1.042149797630868,52.5170365,"Data © OpenStreetMap contributors, ODbL 1.0. https://osm.org/copyright",13.3888599,240109189,node,595794,city
130,"['51.3473219', '51.6673219', '-0.2876474', '0.0323526']",place,"London, Greater London, England, SW1A 2DU, United Kingdom",https://nominatim.openstreetmap.org/images/mapicons/poi_place_city.p.20.png,1.175489576540198,51.5073219,"Data © OpenStreetMap contributors, ODbL 1.0. https://osm.org/copyright",-0.1276474,107775,node,100145,city
131,"['42.5378634', '42.8578634', '23.1621789', '23.4821789']",place,"Sofia, Sofia City, Sofia-City, 1000, Bulgaria",https://nominatim.openstreetmap.org/images/mapicons/poi_place_city.p.20.png,0.911604773967313,42.6978634,"Data © OpenStreetMap contributors, ODbL 1.0. https://osm.org/copyright",23.3221789,1700083447,node,17790856,city
132,"['48.0483537', '48.3683537', '16.2125042', '16.5325042']",place,"Vienna, 1010, Austria",https://nominatim.openstreetmap.org/images/mapicons/poi_place_city.p.20.png,1.0114468170538071,48.2083537,"Data © OpenStreetMap contributors, ODbL 1.0. https://osm.org/copyright",16.3725042,17328659,node,110427,city
133,"['53.390341', '53.710341', '9.840654', '10.160654']",place,"Hamburg, 20095, Germany",https://nominatim.openstreetmap.org/images/mapicons/poi_place_city.p.20.png,0.969144260142488,53.550341,"Data © OpenStreetMap contributors, ODbL 1.0. https://osm.org/copyright",10.000654,20833623,node,114035,city
134,"['52.3570365', '52.6770365', '13.2288599', '13.5488599']",place,"Berlin, 10117, Germany",https://nominatim.openstreetmap.org/images/mapicons/poi_place_city.p.20.png,1.042149797630868,52.5170365,"Data © OpenStreetMap contributors, ODbL 1.0. https://osm.org/copyright",13.3888599,240109189,node,595794,city
135,"['40.3119774', '40.6437293', '-3.8889539', '-3.5179163']",place,"Madrid, Área metropolitana de Madrid y Corredor del Henares, Community of Madrid, 28001, Spain",https://nominatim.openstreetmap.org/images/mapicons/poi_place_city.p.20.png,0.994121792071089,40.4167047,"Data © OpenStreetMap contributors, ODbL 1.0. https://osm.org/copyright",-3.7035825,5326784,relation,198991295,city
136,"['59.922486', '60.2978497', '24.7828131', '25.2545116']",place,"Helsinki, Helsinki sub-region, Uusimaa, Southern Finland, Mainland Finland, Finland",https://nominatim.openstreetmap.org/images/mapicons/poi_place_city.p.20.png,0.9561129952686631,60.1674086,"Data © OpenStreetMap contributors, ODbL 1.0. https://osm.org/copyright",24.9425683,34914,relation,197366851,city
137,"['23.5993572', '23.9193572', '90.2188136', '90.5388136']",place,"Dhaka, Dhaka Division, 12, Bangladesh",https://nominatim.openstreetmap.org/images/mapicons/poi_place_city.p.20.png,0.814981666472316,23.7593572,"Data © OpenStreetMap contributors, ODbL 1.0. https://osm.org/copyright",90.3788136,3442474911,node,46186034,city
138,"['41.6556417', '42.1410285', '12.2344669', '12.8557603']",place,"Rome, RM, Lazio, Italy",https://nominatim.openstreetmap.org/images/mapicons/poi_place_city.p.20.png,1.0468636868866221,41.894802,"Data © OpenStreetMap contributors, ODbL 1.0. https://osm.org/copyright",12.4853384,41485,relation,198718695,city
139,"['48.0483537', '48.3683537', '16.2125042', '16.5325042']",place,"Vienna, 1010, Austria",https://nominatim.openstreetmap.org/images/mapicons/poi_place_city.p.20.png,1.0114468170538071,48.2083537,"Data © OpenStreetMap contributors, ODbL 1.0. https://osm.org/copyright",16.3725042,17328659,node,110427,city
140,"['52.026282', '52.1356715', '5.0041608', '5.195155']",boundary,"Utrecht, Netherlands",https://nominatim.openstreetmap.org/images/mapicons/poi_boundary_administrative.p.20.png,0.9656730714274561,52.08095165,"Data © OpenStreetMap contributors, ODbL 1.0. https://osm.org/copyright",5.12768031549829,1433619,relation,198264339,administrative
141,"['-12.0798496', '-12.0308705', '-77.0884555', '-77.0017774']",place,"Lima, Peru",https://nominatim.openstreetmap.org/images/mapicons/poi_place_city.p.20.png,0.908606514919986,-12.0621065,"Data © OpenStreetMap contributors, ODbL 1.0. https://osm.org/copyright",-77.0365256,1944756,relation,198411581,city
142,"['52.0733386', '52.2856694', '5.7263889', '6.0784842']",place,"Apeldoorn, Gelderland, Netherlands",https://nominatim.openstreetmap.org/images/mapicons/poi_place_city.p.20.png,0.84231064745599,52.2156457,"Data © OpenStreetMap contributors, ODbL 1.0. https://osm.org/copyright",5.9639485,417457,relation,198074523,city
143,"['-25.4832679', '-19.7823272', '-53.109', '-44.161']",boundary,"São Paulo, Southeast Region, Brazil",https://nominatim.openstreetmap.org/images/mapicons/poi_boundary_administrative.p.20.png,0.882315051617224,-21.9549806,"Data © OpenStreetMap contributors, ODbL 1.0. https://osm.org/copyright",-49.0232348,298204,relation,197728841,administrative
144,"['53.6989675', '53.9458715', '-1.8004214', '-1.2903516']",place,"Leeds, Yorkshire and the Humber, England, United Kingdom",https://nominatim.openstreetmap.org/images/mapicons/poi_place_city.p.20.png,0.9521564676998431,53.7974185,"Data © OpenStreetMap contributors, ODbL 1.0. https://osm.org/copyright",-1.5437941,118362,relation,197567930,city
145,"['-1.444471', '-1.163332', '36.6641288', '37.1038871']",place,"Nairobi, Kenya",https://nominatim.openstreetmap.org/images/mapicons/poi_place_city.p.20.png,0.845534952321537,-1.2832533,"Data © OpenStreetMap contributors, ODbL 1.0. https://osm.org/copyright",36.8172449,7617833,relation,199397627,city
146,"['52.3570365', '52.6770365', '13.2288599', '13.5488599']",place,"Berlin, 10117, Germany",https://nominatim.openstreetmap.org/images/mapicons/poi_place_city.p.20.png,1.042149797630868,52.5170365,"Data © OpenStreetMap contributors, ODbL 1.0. https://osm.org/copyright",13.3888599,240109189,node,595794,city
147,"['48.0483537', '48.3683537', '16.2125042', '16.5325042']",place,"Vienna, 1010, Austria",https://nominatim.openstreetmap.org/images/mapicons/poi_place_city.p.20.png,1.0114468170538071,48.2083537,"Data © OpenStreetMap contributors, ODbL 1.0. https://osm.org/copyright",16.3725042,17328659,node,110427,city
148,"['48.8155755', '48.902156', '2.224122', '2.4697602']",place,"Paris, Ile-de-France, Metropolitan France, France",https://nominatim.openstreetmap.org/images/mapicons/poi_place_city.p.20.png,1.088934599321907,48.8566101,"Data © OpenStreetMap contributors, ODbL 1.0. https://osm.org/copyright",2.3514992,7444,relation,198006226,city
149,"['-25.4832679', '-19.7823272', '-53.109', '-44.161']",boundary,"São Paulo, Southeast Region, Brazil",https://nominatim.openstreetmap.org/images/mapicons/poi_boundary_administrative.p.20.png,0.882315051617224,-21.9549806,"Data © OpenStreetMap contributors, ODbL 1.0. https://osm.org/copyright",-49.0232348,298204,relation,197728841,administrative
150,"['37.8436795', '37.8731429', '-122.5102613', '-122.4753745']",boundary,"Sausalito, Marin County, California, 94965, USA",https://nominatim.openstreetmap.org/images/mapicons/poi_boundary_administrative.p.20.png,0.555615334536579,37.8590272,"Data © OpenStreetMap contributors, ODbL 1.0. https://osm.org/copyright",-122.4854694,2829689,relation,198696477,administrative
151,"['40.3119774', '40.6437293', '-3.8889539', '-3.5179163']",place,"Madrid, Área metropolitana de Madrid y Corredor del Henares, Community of Madrid, 28001, Spain",https://nominatim.openstreetmap.org/images/mapicons/poi_place_city.p.20.png,0.994121792071089,40.4167047,"Data © OpenStreetMap contributors, ODbL 1.0. https://osm.org/copyright",-3.7035825,5326784,relation,198991295,city
152,"['50.1933278', '50.5133278', '7.4343951', '7.7543951']",place,"Koblenz, Rhineland-Palatinate, 56068, Germany",https://nominatim.openstreetmap.org/images/mapicons/poi_place_city.p.20.png,0.8376799059021001,50.3533278,"Data © OpenStreetMap contributors, ODbL 1.0. https://osm.org/copyright",7.5943951,240102654,node,593176,city
153,"['-23.0827051', '-22.7460878', '-43.796252', '-43.0990811']",boundary,"Rio de Janeiro, Região Metropolitana do Rio de Janeiro, Rio de Janeiro, Southeast Region, Brazil",https://nominatim.openstreetmap.org/images/mapicons/poi_boundary_administrative.p.20.png,1.062990329099158,-22.9110137,"Data © OpenStreetMap contributors, ODbL 1.0. https://osm.org/copyright",-43.2093727,2697338,relation,198709044,administrative
154,"['45.3867381', '45.5358482', '9.0408867', '9.2781103']",place,"Milan, Lombardy, Italy",https://nominatim.openstreetmap.org/images/mapicons/poi_place_city.p.20.png,0.9858515758029791,45.4667971,"Data © OpenStreetMap contributors, ODbL 1.0. https://osm.org/copyright",9.1904984,44915,relation,198722082,city
155,"['40.9894512', '41.3094512', '-8.7707884', '-8.4507884']",place,"Porto, PRT, Porto, Área Metropolitana do Porto, North, 4000-424, Portugal",https://nominatim.openstreetmap.org/images/mapicons/poi_place_city.p.20.png,0.8628207087632851,41.1494512,"Data © OpenStreetMap contributors, ODbL 1.0. https://osm.org/copyright",-8.6107884,2986300166,node,39977268,city
156,"['40.3119774', '40.6437293', '-3.8889539', '-3.5179163']",place,"Madrid, Área metropolitana de Madrid y Corredor del Henares, Community of Madrid, 28001, Spain",https://nominatim.openstreetmap.org/images/mapicons/poi_place_city.p.20.png,0.994121792071089,40.4167047,"Data © OpenStreetMap contributors, ODbL 1.0. https://osm.org/copyright",-3.7035825,5326784,relation,198991295,city
157,"['52.2781742', '52.4310638', '4.7292418', '5.0791622']",boundary,"Amsterdam, Centrum, Amsterdam, North Holland, Netherlands",https://nominatim.openstreetmap.org/images/mapicons/poi_boundary_administrative.p.20.png,1.0696769197533271,52.3745403,"Data © OpenStreetMap contributors, ODbL 1.0. https://osm.org/copyright",4.89797550561798,271110,relation,198234783,administrative
158,"['46.0349453', '46.0378246', '11.8836206', '11.8853066']",highway,"Via Galileo Galilei, Pedavena, BL, Veneto, 32032, Italy",,0.41000000000000003,46.0364152,"Data © OpenStreetMap contributors, ODbL 1.0. https://osm.org/copyright",11.8841422,27198995,way,81820140,tertiary
159,"['53.2987342', '53.4105416', '-6.3870259', '-6.1148829']",place,"Dublin, County Dublin, Leinster, Ireland",https://nominatim.openstreetmap.org/images/mapicons/poi_place_city.p.20.png,0.942875086744982,53.3497645,"Data © OpenStreetMap contributors, ODbL 1.0. https://osm.org/copyright",-6.2602732,1109531,relation,198921133,city
160,"['40.3119774', '40.6437293', '-3.8889539', '-3.5179163']",place,"Madrid, Área metropolitana de Madrid y Corredor del Henares, Community of Madrid, 28001, Spain",https://nominatim.openstreetmap.org/images/mapicons/poi_place_city.p.20.png,0.994121792071089,40.4167047,"Data © OpenStreetMap contributors, ODbL 1.0. https://osm.org/copyright",-3.7035825,5326784,relation,198991295,city
161,"['52.2781742', '52.4310638', '4.7292418', '5.0791622']",boundary,"Amsterdam, Centrum, Amsterdam, North Holland, Netherlands",https://nominatim.openstreetmap.org/images/mapicons/poi_boundary_administrative.p.20.png,1.0696769197533271,52.3745403,"Data © OpenStreetMap contributors, ODbL 1.0. https://osm.org/copyright",4.89797550561798,271110,relation,198234783,administrative
162,"['42.1324303', '42.2647112', '-8.9182906', '-8.6270302']",place,"Vigo, Pontevedra, Galicia, Spain",https://nominatim.openstreetmap.org/images/mapicons/poi_place_city.p.20.png,0.7833052413658941,42.2376602,"Data © OpenStreetMap contributors, ODbL 1.0. https://osm.org/copyright",-8.7247205,341381,relation,198019147,city
163,"['40.3119774', '40.6437293', '-3.8889539', '-3.5179163']",place,"Madrid, Área metropolitana de Madrid y Corredor del Henares, Community of Madrid, 28001, Spain",https://nominatim.openstreetmap.org/images/mapicons/poi_place_city.p.20.png,0.994121792071089,40.4167047,"Data © OpenStreetMap contributors, ODbL 1.0. https://osm.org/copyright",-3.7035825,5326784,relation,198991295,city
164,"['-34.938056', '-34.7018526', '-56.4313997', '-56.0225006']",place,"Montevideo, Uruguay",https://nominatim.openstreetmap.org/images/mapicons/poi_place_city.p.20.png,0.88901990065022,-34.9059039,"Data © OpenStreetMap contributors, ODbL 1.0. https://osm.org/copyright",-56.1913569,2929054,relation,236564944,city
165,"['9.7725427', '10.0925427', '-84.2395782', '-83.9195782']",place,"San José, Cantón San José, Provincia San José, 10104, Costa Rica",https://nominatim.openstreetmap.org/images/mapicons/poi_place_city.p.20.png,0.881758975718433,9.9325427,"Data © OpenStreetMap contributors, ODbL 1.0. https://osm.org/copyright",-84.0795782,197698100,node,538470,city
166,"['40.3119774', '40.6437293', '-3.8889539', '-3.5179163']",place,"Madrid, Área metropolitana de Madrid y Corredor del Henares, Community of Madrid, 28001, Spain",https://nominatim.openstreetmap.org/images/mapicons/poi_place_city.p.20.png,0.994121792071089,40.4167047,"Data © OpenStreetMap contributors, ODbL 1.0. https://osm.org/copyright",-3.7035825,5326784,relation,198991295,city
167,"['31.8683034', '31.8684034', '-102.3967545', '-102.3966545']",place,"D C, Odessa, Ector County, Texas, 79761, USA",,0.4,31.8683534,"Data © OpenStreetMap contributors, ODbL 1.0. https://osm.org/copyright",-102.3967045,4053585134,node,51700300,neighbourhood
168,"['46.0349453', '46.0378246', '11.8836206', '11.8853066']",highway,"Via Galileo Galilei, Pedavena, BL, Veneto, 32032, Italy",,0.41000000000000003,46.0364152,"Data © OpenStreetMap contributors, ODbL 1.0. https://osm.org/copyright",11.8841422,27198995,way,81820140,tertiary
169,"['41.3170353', '41.4679135', '2.0524977', '2.2283555']",place,"Barcelona, BCN, Catalonia, Spain",https://nominatim.openstreetmap.org/images/mapicons/poi_place_city.p.20.png,0.985529907300899,41.3828939,"Data © OpenStreetMap contributors, ODbL 1.0. https://osm.org/copyright",2.1774322,347950,relation,198243683,city
170,"['5.2206684', '5.6363268', '-4.2940788', '-3.7177411']",boundary,"Abidjan, Côte d'Ivoire",https://nominatim.openstreetmap.org/images/mapicons/poi_boundary_administrative.p.20.png,0.692119558396164,5.4091179,"Data © OpenStreetMap contributors, ODbL 1.0. https://osm.org/copyright",-4.0422099,3377982,relation,198563154,administrative
171,"['53.793847', '53.9717897', '27.3740176', '28.0608997']",place,"Minsk, Belarus",https://nominatim.openstreetmap.org/images/mapicons/poi_place_city.p.20.png,0.8998945126344731,53.902334,"Data © OpenStreetMap contributors, ODbL 1.0. https://osm.org/copyright",27.5618791,59195,relation,198726792,city
172,"['-1.444471', '-1.163332', '36.6641288', '37.1038871']",place,"Nairobi, Kenya",https://nominatim.openstreetmap.org/images/mapicons/poi_place_city.p.20.png,0.845534952321537,-1.2832533,"Data © OpenStreetMap contributors, ODbL 1.0. https://osm.org/copyright",36.8172449,7617833,relation,199397627,city
173,"['35.5880434', '35.7539845', '-106.113744', '-105.894323']",place,"Santa Fe, Santa Fe County, New Mexico, USA",https://nominatim.openstreetmap.org/images/mapicons/poi_place_city.p.20.png,0.8253785109534421,35.6869996,"Data © OpenStreetMap contributors, ODbL 1.0. https://osm.org/copyright",-105.9377997,171264,relation,197889244,city
174,"['42.227654', '42.3969775', '-71.19126', '-70.8044881']",place,"Boston, Suffolk County, Massachusetts, USA",https://nominatim.openstreetmap.org/images/mapicons/poi_place_city.p.20.png,0.840465601683163,42.3602534,"Data © OpenStreetMap contributors, ODbL 1.0. https://osm.org/copyright",-71.0582912,2315704,relation,198368368,city
175,"['40.477399', '40.9161785', '-74.25909', '-73.7001809']",place,"New York City, New York, USA",https://nominatim.openstreetmap.org/images/mapicons/poi_place_city.p.20.png,0.9829281899909941,40.7308619,"Data © OpenStreetMap contributors, ODbL 1.0. https://osm.org/copyright",-73.9871558,175905,relation,198125788,city
176,"['50.6865573', '51.0065573', '4.191697', '4.511697']",place,"Brussels, Brussels-Capital, 1000, Belgium",https://nominatim.openstreetmap.org/images/mapicons/poi_place_city.p.20.png,0.660883685865567,50.8465573,"Data © OpenStreetMap contributors, ODbL 1.0. https://osm.org/copyright",4.351697,1635651356,node,17463532,city
177,"['38.8274467', '38.9342795', '-77.1723197', '-77.0320856']",boundary,"Arlington, Arlington County, Virginia, USA",https://nominatim.openstreetmap.org/images/mapicons/poi_boundary_administrative.p.20.png,0.694767330764609,38.8903961,"Data © OpenStreetMap contributors, ODbL 1.0. https://osm.org/copyright",-77.0841585,206845,relation,198151549,administrative
178,"['40.9894512', '41.3094512', '-8.7707884', '-8.4507884']",place,"Porto, PRT, Porto, Área Metropolitana do Porto, North, 4000-424, Portugal",https://nominatim.openstreetmap.org/images/mapicons/poi_place_city.p.20.png,0.8628207087632851,41.1494512,"Data © OpenStreetMap contributors, ODbL 1.0. https://osm.org/copyright",-8.6107884,2986300166,node,39977268,city
179,"['52.3570365', '52.6770365', '13.2288599', '13.5488599']",place,"Berlin, 10117, Germany",https://nominatim.openstreetmap.org/images/mapicons/poi_place_city.p.20.png,1.042149797630868,52.5170365,"Data © OpenStreetMap contributors, ODbL 1.0. https://osm.org/copyright",13.3888599,240109189,node,595794,city
180,"['45.7073666', '45.8082628', '4.7718134', '4.8983774']",place,"Lyon, Métropole de Lyon, Departemental constituency of Rhône, Auvergne-Rhône-Alpes, Metropolitan France, France",https://nominatim.openstreetmap.org/images/mapicons/poi_place_city.p.20.png,0.937050733130181,45.7578137,"Data © OpenStreetMap contributors, ODbL 1.0. https://osm.org/copyright",4.8320114,120965,relation,197770311,city
181,"['50.7112554', '50.7912554', '-3.3183818', '-3.2383818']",place,"Ottery St Mary, Devon, South West England, England, EX11 1BY, United Kingdom",https://nominatim.openstreetmap.org/images/mapicons/poi_place_town.p.20.png,0.88719982560843,50.7512554,"Data © OpenStreetMap contributors, ODbL 1.0. https://osm.org/copyright",-3.2783818,115731383,node,321945,town
182,"['39.6083331', '39.9283331', '-86.3183502', '-85.9983502']",place,"Indianapolis, Marion County, Indiana, 46204, USA",https://nominatim.openstreetmap.org/images/mapicons/poi_place_city.p.20.png,0.761387214201998,39.7683331,"Data © OpenStreetMap contributors, ODbL 1.0. https://osm.org/copyright",-86.1583502,153353016,node,402902,city
183,"['40.477399', '40.9161785', '-74.25909', '-73.7001809']",place,"New York City, New York, USA",https://nominatim.openstreetmap.org/images/mapicons/poi_place_city.p.20.png,0.9829281899909941,40.7308619,"Data © OpenStreetMap contributors, ODbL 1.0. https://osm.org/copyright",-73.9871558,175905,relation,198125788,city
184,"['40.467952', '40.509533', '-74.4895', '-74.392412']",place,"New Brunswick, Middlesex County, New Jersey, USA",https://nominatim.openstreetmap.org/images/mapicons/poi_place_city.p.20.png,0.68708056084603,40.4862174,"Data © OpenStreetMap contributors, ODbL 1.0. https://osm.org/copyright",-74.4518173,170536,relation,197887704,city
185,"['48.8155755', '48.902156', '2.224122', '2.4697602']",place,"Paris, Ile-de-France, Metropolitan France, France",https://nominatim.openstreetmap.org/images/mapicons/poi_place_city.p.20.png,1.088934599321907,48.8566101,"Data © OpenStreetMap contributors, ODbL 1.0. https://osm.org/copyright",2.3514992,7444,relation,198006226,city
186,"['31.0653441', '31.3853441', '121.3288922', '121.6488922']",place,"Shanghai, Huangpu District, Shanghai, 200010, PRC",https://nominatim.openstreetmap.org/images/mapicons/poi_place_city.p.20.png,0.8137575787970039,31.2253441,"Data © OpenStreetMap contributors, ODbL 1.0. https://osm.org/copyright",121.4888922,778910398,node,7346625,city
187,"['40.8496334', '41.1696334', '28.8051646', '29.1251646']",place,"Istanbul, Fatih, Istanbul, Marmara Region, 34126, Turkey",https://nominatim.openstreetmap.org/images/mapicons/poi_place_city.p.20.png,0.9548937158203421,41.0096334,"Data © OpenStreetMap contributors, ODbL 1.0. https://osm.org/copyright",28.9651646,1882099475,node,19624558,city
188,"['46.0349453', '46.0378246', '11.8836206', '11.8853066']",highway,"Via Galileo Galilei, Pedavena, BL, Veneto, 32032, Italy",,0.41000000000000003,46.0364152,"Data © OpenStreetMap contributors, ODbL 1.0. https://osm.org/copyright",11.8841422,27198995,way,81820140,tertiary
189,"['47.3202203', '47.4346662', '8.4480061', '8.6254413']",place,"Zurich, District Zurich, Zurich, Switzerland",https://nominatim.openstreetmap.org/images/mapicons/poi_place_city.p.20.png,0.923392306430403,47.3769434,"Data © OpenStreetMap contributors, ODbL 1.0. https://osm.org/copyright",8.5414061,1682248,relation,198534114,city
190,"['40.477399', '40.9161785', '-74.25909', '-73.7001809']",place,"New York City, New York, USA",https://nominatim.openstreetmap.org/images/mapicons/poi_place_city.p.20.png,0.9829281899909941,40.7308619,"Data © OpenStreetMap contributors, ODbL 1.0. https://osm.org/copyright",-73.9871558,175905,relation,198125788,city
191,"['25.7090517', '25.8557827', '-80.31976', '-80.139157']",place,"Miami, Miami-Dade County, Florida, USA",https://nominatim.openstreetmap.org/images/mapicons/poi_place_city.p.20.png,0.797577374151881,25.7742658,"Data © OpenStreetMap contributors, ODbL 1.0. https://osm.org/copyright",-80.1936589,1216769,relation,198370113,city
192,"['47.9206482', '48.0039197', '-1.8493066', '-1.7443448']",boundary,"Guichen, Redon, Ille-et-Vilaine, Brittany, Metropolitan France, 35580, France",https://nominatim.openstreetmap.org/images/mapicons/poi_boundary_administrative.p.20.png,0.7547123157829301,47.9659271,"Data © OpenStreetMap contributors, ODbL 1.0. https://osm.org/copyright",-1.7970987,149721,relation,197818364,administrative
193,"['48.0616244', '48.2481162', '11.360777', '11.7229083']",place,"Munich, Upper Bavaria, Bavaria, Germany",https://nominatim.openstreetmap.org/images/mapicons/poi_place_city.p.20.png,0.991494016451848,48.1371079,"Data © OpenStreetMap contributors, ODbL 1.0. https://osm.org/copyright",11.5753822,62428,relation,197724330,city
194,"['-25.4832679', '-19.7823272', '-53.109', '-44.161']",boundary,"São Paulo, Southeast Region, Brazil",https://nominatim.openstreetmap.org/images/mapicons/poi_boundary_administrative.p.20.png,0.882315051617224,-21.9549806,"Data © OpenStreetMap contributors, ODbL 1.0. https://osm.org/copyright",-49.0232348,298204,relation,197728841,administrative
195,"['33.2903739', '33.9183794', '-112.3240289', '-111.9255201']",place,"Phoenix, Maricopa County, Arizona, USA",https://nominatim.openstreetmap.org/images/mapicons/poi_place_city.p.20.png,0.8340246776929969,33.4485866,"Data © OpenStreetMap contributors, ODbL 1.0. https://osm.org/copyright",-112.0773456,111257,relation,239657711,city
196,"['48.491861', '48.6461896', '7.6881371', '7.8360646']",place,"Strasbourg, Bas-Rhin, Grand Est, Metropolitan France, France",https://nominatim.openstreetmap.org/images/mapicons/poi_place_city.p.20.png,0.9187616840575061,48.584614,"Data © OpenStreetMap contributors, ODbL 1.0. https://osm.org/copyright",7.7507127,71033,relation,198291379,city
197,"['52.026282', '52.1356715', '5.0041608', '5.195155']",boundary,"Utrecht, Netherlands",https://nominatim.openstreetmap.org/images/mapicons/poi_boundary_administrative.p.20.png,0.9656730714274561,52.08095165,"Data © OpenStreetMap contributors, ODbL 1.0. https://osm.org/copyright",5.12768031549829,1433619,relation,198264339,administrative
198,"['48.8155755', '48.902156', '2.224122', '2.4697602']",place,"Paris, Ile-de-France, Metropolitan France, France",https://nominatim.openstreetmap.org/images/mapicons/poi_place_city.p.20.png,1.088934599321907,48.8566101,"Data © OpenStreetMap contributors, ODbL 1.0. https://osm.org/copyright",2.3514992,7444,relation,198006226,city
199,"['52.2781742', '52.4310638', '4.7292418', '5.0791622']",boundary,"Amsterdam, Centrum, Amsterdam, North Holland, Netherlands",https://nominatim.openstreetmap.org/images/mapicons/poi_boundary_administrative.p.20.png,1.0696769197533271,52.3745403,"Data © OpenStreetMap contributors, ODbL 1.0. https://osm.org/copyright",4.89797550561798,271110,relation,198234783,administrative
200,"['44.8107826', '44.9161806', '-0.6386987', '-0.5336838']",place,"Bordeaux, Gironde, New Aquitaine, Metropolitan France, 33000, France",https://nominatim.openstreetmap.org/images/mapicons/poi_place_city.p.20.png,0.9145782361293859,44.841225,"Data © OpenStreetMap contributors, ODbL 1.0. https://osm.org/copyright",-0.5800364,105270,relation,197480901,city
201,"['52.3570365', '52.6770365', '13.2288599', '13.5488599']",place,"Berlin, 10117, Germany",https://nominatim.openstreetmap.org/images/mapicons/poi_place_city.p.20.png,1.042149797630868,52.5170365,"Data © OpenStreetMap contributors, ODbL 1.0. https://osm.org/copyright",13.3888599,240109189,node,595794,city
202,"['48.8155755', '48.902156', '2.224122', '2.4697602']",place,"Paris, Ile-de-France, Metropolitan France, France",https://nominatim.openstreetmap.org/images/mapicons/poi_place_city.p.20.png,1.088934599321907,48.8566101,"Data © OpenStreetMap contributors, ODbL 1.0. https://osm.org/copyright",2.3514992,7444,relation,198006226,city
203,"['49.9506444', '50.2706444', '8.5220917', '8.8420917']",place,"Frankfurt, Regierungsbezirk Darmstadt, Hesse, 60311, Germany",https://nominatim.openstreetmap.org/images/mapicons/poi_place_city.p.20.png,0.911284452712894,50.1106444,"Data © OpenStreetMap contributors, ODbL 1.0. https://osm.org/copyright",8.6820917,27418664,node,142284,city
204,"['47.3202203', '47.4346662', '8.4480061', '8.6254413']",place,"Zurich, District Zurich, Zurich, Switzerland",https://nominatim.openstreetmap.org/images/mapicons/poi_place_city.p.20.png,0.923392306430403,47.3769434,"Data © OpenStreetMap contributors, ODbL 1.0. https://osm.org/copyright",8.5414061,1682248,relation,198534114,city
205,"['-31.3765854', '-31.369566', '-64.2118278', '-64.205944']",boundary,"La France, Cordoba, Departamento Capital, Córdoba, X5000, Argentina",https://nominatim.openstreetmap.org/images/mapicons/poi_boundary_administrative.p.20.png,0.6000000000000001,-31.3732228,"Data © OpenStreetMap contributors, ODbL 1.0. https://osm.org/copyright",-64.208674,4282813,relation,199335469,administrative
206,"['48.8155755', '48.902156', '2.224122', '2.4697602']",place,"Paris, Ile-de-France, Metropolitan France, France",https://nominatim.openstreetmap.org/images/mapicons/poi_place_city.p.20.png,1.088934599321907,48.8566101,"Data © OpenStreetMap contributors, ODbL 1.0. https://osm.org/copyright",2.3514992,7444,relation,198006226,city
207,"['52.3570365', '52.6770365', '13.2288599', '13.5488599']",place,"Berlin, 10117, Germany",https://nominatim.openstreetmap.org/images/mapicons/poi_place_city.p.20.png,1.042149797630868,52.5170365,"Data © OpenStreetMap contributors, ODbL 1.0. https://osm.org/copyright",13.3888599,240109189,node,595794,city
208,"['48.8155755', '48.902156', '2.224122', '2.4697602']",place,"Paris, Ile-de-France, Metropolitan France, France",https://nominatim.openstreetmap.org/images/mapicons/poi_place_city.p.20.png,1.088934599321907,48.8566101,"Data © OpenStreetMap contributors, ODbL 1.0. https://osm.org/copyright",2.3514992,7444,relation,198006226,city
209,"['48.8155755', '48.902156', '2.224122', '2.4697602']",place,"Paris, Ile-de-France, Metropolitan France, France",https://nominatim.openstreetmap.org/images/mapicons/poi_place_city.p.20.png,1.088934599321907,48.8566101,"Data © OpenStreetMap contributors, ODbL 1.0. https://osm.org/copyright",2.3514992,7444,relation,198006226,city
210,"['59.1651172', '59.4851172', '17.9110935', '18.2310935']",place,"Stockholm, Stockholm County, Region Svealand, 111 29, Sweden",https://nominatim.openstreetmap.org/images/mapicons/poi_place_city.p.20.png,0.9846154873258601,59.3251172,"Data © OpenStreetMap contributors, ODbL 1.0. https://osm.org/copyright",18.0710935,25929985,node,124852,city
211,"['59.1651172', '59.4851172', '17.9110935', '18.2310935']",place,"Stockholm, Stockholm County, Region Svealand, 111 29, Sweden",https://nominatim.openstreetmap.org/images/mapicons/poi_place_city.p.20.png,0.9846154873258601,59.3251172,"Data © OpenStreetMap contributors, ODbL 1.0. https://osm.org/copyright",18.0710935,25929985,node,124852,city
212,"['52.3570365', '52.6770365', '13.2288599', '13.5488599']",place,"Berlin, 10117, Germany",https://nominatim.openstreetmap.org/images/mapicons/poi_place_city.p.20.png,1.042149797630868,52.5170365,"Data © OpenStreetMap contributors, ODbL 1.0. https://osm.org/copyright",13.3888599,240109189,node,595794,city
213,"['50.575851', '50.895851', '6.94066', '7.26066']",place,"Bonn, Cologne Government Region, North Rhine-Westphalia, 53111, Germany",https://nominatim.openstreetmap.org/images/mapicons/poi_place_city.p.20.png,0.900087147625044,50.735851,"Data © OpenStreetMap contributors, ODbL 1.0. https://osm.org/copyright",7.10066,26373169,node,129972,city
214,"['50.8304494', '51.0849743', '6.7725303', '7.162028']",place,"Cologne, Cologne Government Region, North Rhine-Westphalia, Germany",https://nominatim.openstreetmap.org/images/mapicons/poi_place_city.p.20.png,0.932337220438411,50.938361,"Data © OpenStreetMap contributors, ODbL 1.0. https://osm.org/copyright",6.959974,62578,relation,197458053,city
215,"['52.2781742', '52.4310638', '4.7292418', '5.0791622']",boundary,"Amsterdam, Centrum, Amsterdam, North Holland, Netherlands",https://nominatim.openstreetmap.org/images/mapicons/poi_boundary_administrative.p.20.png,1.0696769197533271,52.3745403,"Data © OpenStreetMap contributors, ODbL 1.0. https://osm.org/copyright",4.89797550561798,271110,relation,198234783,administrative
216,"['52.2781742', '52.4310638', '4.7292418', '5.0791622']",boundary,"Amsterdam, Centrum, Amsterdam, North Holland, Netherlands",https://nominatim.openstreetmap.org/images/mapicons/poi_boundary_administrative.p.20.png,1.0696769197533271,52.3745403,"Data © OpenStreetMap contributors, ODbL 1.0. https://osm.org/copyright",4.89797550561798,271110,relation,198234783,administrative
